phoneNumber,label,name,avatar,isSubscribed,count,url
(201) 232-9965,Telemarketing,SKT Technologies,,1,,
(201) 245-0745,Telemarketing,COGNIZANT TECHNOLOGY SOLUTIONS AMERICAS CORPORATION,,1,,
(201) 258-0102,Telemarketing,Stratys UC LLC,,1,,
(201) 294-2121,Telemarketing,"Snappy Kraken, Inc.",,1,,
(201) 300-2822,Telemarketing,WebTech House LLC,,1,,
(201) 316-7834,Telemarketing,"Whisl Telecom, LLC",,1,,
(201) 319-0453,Telemarketing,DataPro Computers LLC,,1,,
(201) 350-7636,Telemarketing,"Range, Inc",,1,,
(201) 355-8284,Telemarketing,King Tech Repair LLC,,1,,
(201) 375-3019,Telemarketing,Real Capture LLC,,1,,
(201) 391-4800,Telemarketing,Dial Them Up LLC,,1,,
(201) 448-8116,Telemarketing,KLOUDIP INC,,1,,
